Segment	Junction_First_Position	Junction_Second_Position	Strand	seq5	seq3	score5	score3
CY010795.1	167	2195	+	TGATGGCAA	GAAGGCTAATGTGCTAATTGGGC	-31.9136840922	-6.74180412924
CY010795.1	248	2074	+	TATGGAGTA	ATGAAGGCACAGCTGGAGTTGAG	-17.9829234986	-31.5896318937
CY010794.1	44	1905	-	GCACAAAAT	GAACCCATTTGTCAACCATAAAG	-15.5453569662	-19.9765989594
CY010794.1	89	2105	+	CCTTACAGC	TATTTGAAAAATTCTTCCCCAGC	-21.5653724821	-12.2763848354
CY010794.1	99	2121	+	ATGGGACAG	CCCCAGCAGTTCATACAGAAGAC	-4.14776114152	-23.416875214
CY010794.1	177	2012	+	ACACCGAAA	ATTCCTGGATCCCCAAAAGAAAT	-22.2245656096	-15.949855994
CY010794.1	223	1928	+	GCCAGAAGA	ACATTGAATCAGTGAACAATGCA	-10.0749566149	-15.6311531981
CY010794.1	224	2030	+	CCAGAAGAC	GAAATCGATCCATCTTGAATACA	-14.4138752627	-6.76203768547
CY010794.1	244	1983	+	TGGTTATGC	CATGGAGTATGATGCTGTTGCAA	-1.93258853657	-8.71981317441
CY010794.1	378	1885	+	GCCGACAGA	GGGCGTTTATGCAACCCACTGAA	-11.5829506106	-17.0444729006
CY010794.1	378	1885	-	GCCGACAGA	GGGCGTTTATGCAACCCACTGAA	-11.5829506106	-17.0444729006
CY010793.1	106	1999	+	CGAAACAAA	GAAGGATTTTCAGCTGAATCAAG	-31.573072769	-27.1565652442
CY010793.1	130	1998	+	ATGCACTCA	GGAAGGATTTTCAGCTGAATCAA	-24.9711961818	-16.486707763
CY010793.1	195	1946	+	CAATAGTCG	GAACTTTATTGGCAAAGTCGGTA	-22.1813411938	-8.79092231883
CY010793.1	216	1962	+	ATCCAAATG	GTCGGTATTCAACAGCTTGTATG	-17.9951674167	-19.5924989924
CY010793.1	284	1920	+	GTAATAAAC	GGAAGGTTCCATTGGGAAGGTCT	-12.7033210385	-12.9315566133
CY010793.1	358	1793	+	GAATAGATT	AGTCACTTCAACAAATCGAGAGT	-17.2536402245	-11.1462225566
CY010793.1	358	1793	-	GAATAGATT	AGTCACTTCAACAAATCGAGAGT	-17.2536402245	-11.1462225566
CY010793.1	1855	2015	+	AAACAAATC	AATCAAGAAAACTGCTTCTTATC	-15.8250320174	-17.98773281
CY010792.1	43	516	+	TCAGGTAGA	ACCACTGCCCTCTCTTCCAGGAC	-13.2898327274	12.9763915372
CY010789.1	40	729	+	AAACGTACG	ATCTTCTTGAAAATTTGCAGGCC	-25.81608517	6.29669613108
CY010789.1	134	729	+	TGAGGTTCT	ATCTTCTTGAAAATTTGCAGGCC	-27.7370142274	6.29669613108
